模型编号,广告编号,中台素材定位,中台工作流与运行记录,输入版本,结果版本,素材性质,规范核验日期,检查编号,检查项,依据类型,依据定位,适用性,判定,证据截图或文件,问题位置与说明,修复或淘汰决定,复验结论,检查人,检查日期,要求摘要与适用范围,原文条款复核记录
,,,,,,,,M01,展示主体真实性,历史规范摘要与项目操作补充,第四节：执行前复核原文,待判断,未检查,,,,,,,全部主体：区分输入照片和概念图与实际模型渲染；真实结果保留模型文件与来源,待补
,,,,,,,,M02,轮廓与边缘,历史规范摘要与项目操作补充,第四节模型展示典型问题：执行前复核原文,待判断,未检查,,,,,,,全部模型：原尺寸和缩图检查像素感杂边缺损粗糙处并保留特写,待补
,,,,,,,,M03,白模体积与光照,历史规范摘要与项目操作补充,第四节白模展示：执行前复核原文,待判断,未检查,,,,,,,白模时：前侧照明与明暗层次可读；不扁平死黑或以强光掩盖缺陷,待补
,,,,,,,,M04,材质与贴图,历史规范摘要与项目操作补充,第四节模型展示典型问题：执行前复核原文,待判断,未检查,,,,,,,带材质时：检查清晰度可信度接缝阴影高光；细节图与主模型对应,待补
,,,,,,,,M05,真实布线,历史规范摘要与项目操作补充,第四节禁止AI生成模型布线图：执行前复核原文,待判断,未检查,,,,,,,线框时：必须来自真实网格；禁止AI假布线或后画网格冒充,待补
,,,,,,,,M06,线框呈现,历史规范摘要与项目操作补充,第四节线框颜色：执行前复核原文,待判断,未检查,,,,,,,线框时：白模黑线；纹理模型白色或蓝绿色线；优先白模线框避免密线遮挡；复核原文,待补
,,,,,,,,M07,UI录屏与视口,历史规范摘要与项目操作补充,第四节原始案例录屏规范：执行前复核原文,待判断,未检查,,,,,,,Tripo UI时：当前界面不露历史记录；模型占视口不低于50%而非整张广告,待补
,,,,,,,,M08,打印物理可信度,历史规范摘要与项目操作补充,第四节打印材质：执行前复核原文,待判断,未检查,,,,,,,声称实物打印时：符合打印材质和物理行为；不以魔法发光真实毛发或悬浮液体冒充,待补
,,,,,,,,M09,来源与使用许可,历史规范摘要与项目操作补充,第五节IP版权：执行前复核原文,待判断,未检查,,,,,,,全部输入模型：核对来源版本广告用途许可；入库和公开可见及AI改画不自动清除版权,待补
,,,,,,,,P01,人群与用途,项目补充,用户确认的四组方向,待判断,未检查,,,,,,,全部主体：候选并排图说明职业场景辨识度与采用修复淘汰理由,项目补充而非规范原文
,,,,,,,,P02,主侧背一致性,项目补充,tripo-model-showcase 1.1.0,待判断,未检查,,,,,,,真实模型：同一网格真实相机主侧背；检查背底面穿插悬空缺失；AI推断视图不能替代,项目补充而非规范原文
,,,,,,,,P03,易失败部位,项目补充,tripo-model-showcase 1.1.0,待判断,未检查,,,,,,,按类型：人形脸眼耳手脚装备；生物肢体关节；硬表面板件轴轮重复件接缝；保留近景,项目补充而非规范原文
,,,,,,,,P04,原始结果与外部处理,项目补充,中台执行记录与来源核验,待判断,未检查,,,,,,,全部制作路线：输入任务结果版本对应；标注Blender打光修模贴图调整而非冒充原始输出,项目补充而非规范原文
,,,,,,,,P05,最终画面复验,项目补充,图文与站内信交付要求,待判断,未检查,,,,,,,按交付：原尺寸与360px缩图及300×250配图分别检查；换模型后重新验收,项目补充而非规范原文
